"countryID","N","propn_age1","propn_age2","propn_age3","propn_age4"
"c1",1397029000,0.0614768913172168,0.11537913672515,0.726382201085303,0.0967617708723298
"c2",1397029000,0.0614768913172168,0.11537913672515,0.726382201085303,0.0967617708723298
